[ID],[BallNo],[Comment],[Page URL]
"1","0.1","Mathews to Ali, no run, full on off stump, defended into the covers","http://www.espncricinfo.com/ci/engine/match/750669.html?innings=1;page=1;view=commentary"
"2","Slip and a short cover in place","Slip and a short cover in place","http://www.espncricinfo.com/ci/engine/match/750669.html?innings=1;page=1;view=commentary"
"3","0.2","Mathews to Ali, no run, driven off the back foot to short cover","http://www.espncricinfo.com/ci/engine/match/750669.html?innings=1;page=1;view=commentary"
"4","0.3","Mathews to Ali, no run, pushed across full outside off, left alone","http://www.espncricinfo.com/ci/engine/match/750669.html?innings=1;page=1;view=commentary"
"5","0.4","Mathews to Ali, FOUR, he's away, dropped in short by Mathews and Moeen latches on with a front-foot pull which goes in the air over midwicket","http://www.espncricinfo.com/ci/engine/match/750669.html?innings=1;page=1;view=commentary"
"6","0.5","Mathews to Ali, no run, back of a length at off stump, punched into the covers","http://www.espncricinfo.com/ci/engine/match/750669.html?innings=1;page=1;view=commentary"
"7","0.6","Mathews to Ali, no run, on a good length, nips back off the seam and takes Moeen high on the back leg","http://www.espncricinfo.com/ci/engine/match/750669.html?innings=1;page=1;view=commentary"
"8","Early signs are that there is very little pace in this pitch. Don: ""@Fazzy - hard to tell if you're being sarcastic or not...""","Early signs are that there is very little pace in this pitch. Don: ""@Fazzy - hard to tell if you're being sarcastic or not...""","http://www.espncricinfo.com/ci/engine/match/750669.html?innings=1;page=1;view=commentary"
"9","Change of tactic from Sri Lanka. No early spin. Dhammika Prasad to take the other new ball","Change of tactic from Sri Lanka. No early spin. Dhammika Prasad to take the other new ball","http://www.espncricinfo.com/ci/engine/match/750669.html?innings=1;page=1;view=commentary"
"10","1.1","Prasad to Hales, 1 wide, starts very wide, but it swings considerably...Hales tries to reach it but it barely pitches on the cut strip","http://www.espncricinfo.com/ci/engine/match/750669.html?innings=1;page=1;view=commentary"
"11","1.1","Prasad to Hales, OUT, big strike! Gets his line straighter, it's full outside off, Hales is tempted into having a drive and a thick outside flies at chest height to Jayawardene at slip","http://www.espncricinfo.com/ci/engine/match/750669.html?innings=1;page=1;view=commentary"
"12","AD Hales c Jayawardene b Prasad 0 (6m 1b 0x4 0x6) SR: 0.00","AD Hales c Jayawardene b Prasad 0 (6m 1b 0x4 0x6) SR: 0.00","http://www.espncricinfo.com/ci/engine/match/750669.html?innings=1;page=1;view=commentary"
"13","So Hales can't take his opportunity opening the innings today","So Hales can't take his opportunity opening the innings today","http://www.espncricinfo.com/ci/engine/match/750669.html?innings=1;page=1;view=commentary"
"14","So, an early call for James Taylor. This is a chance he has desperately wanted. Two slips in place","So, an early call for James Taylor. This is a chance he has desperately wanted. Two slips in place","http://www.espncricinfo.com/ci/engine/match/750669.html?innings=1;page=1;view=commentary"
"15","1.2","Prasad to Taylor, no run, full outside off, left alone, carries at ankle height to Sangakkara","http://www.espncricinfo.com/ci/engine/match/750669.html?innings=1;page=1;view=commentary"
"16","1.3","Prasad to Taylor, no run, shuffles across the crease and defends a delivery which was outside off into midwicket","http://www.espncricinfo.com/ci/engine/match/750669.html?innings=1;page=1;view=commentary"
"17","1.4","Prasad to Taylor, no run, gets right across his stumps again, both feet end up outside off, and he punches into the off side","http://www.espncricinfo.com/ci/engine/match/750669.html?innings=1;page=1;view=commentary"
"18","1.5","Prasad to Taylor, no run, beaten! Lovely delivery. More swing for Prasad. Full outside off, draws Taylor forward and feels for it away from his body. The ball didn't carry to Sangakkara","http://www.espncricinfo.com/ci/engine/match/750669.html?innings=1;page=1;view=commentary"
"19","1.6","Prasad to Taylor, 1 run, a strangled appeal for lbw, Taylor shuffling around again, but he's got some bat on this and is off the mark with a run towards square leg","http://www.espncricinfo.com/ci/engine/match/750669.html?innings=1;page=1;view=commentary"
"20","2.1","Mathews to Taylor, no run, full outside off, gentle pace, defended towards the on side","http://www.espncricinfo.com/ci/engine/match/750669.html?innings=1;page=1;view=commentary"
"21","2.2","Mathews to Taylor, no run, really is moving a lot in the crease, gets onto off stump again and defends with an open face to backward point","http://www.espncricinfo.com/ci/engine/match/750669.html?innings=1;page=1;view=commentary"
"22","2.3","Mathews to Taylor, 1 run, opens the face again and finds the gap this time down to third man","http://www.espncricinfo.com/ci/engine/match/750669.html?innings=1;page=1;view=commentary"
"23","2.4","Mathews to Ali, no run, done for a lack of pace, aiming to take this delivery from outside off into the leg side and gets beaten on the inside edge","http://www.espncricinfo.com/ci/engine/match/750669.html?innings=1;page=1;view=commentary"
"24","2.5","Mathews to Ali, 1 run, nice-looking shot, leans into a flowing drive but there is cover out at deep point","http://www.espncricinfo.com/ci/engine/match/750669.html?innings=1;page=1;view=commentary"
"25","Slip and a wide slip/fine gully in place","Slip and a wide slip/fine gully in place","http://www.espncricinfo.com/ci/engine/match/750669.html?innings=1;page=1;view=commentary"
"26","2.6","Mathews to Taylor, 1 run, punched off the back foot between cover and mid-off","http://www.espncricinfo.com/ci/engine/match/750669.html?innings=1;page=1;view=commentary"
"27","3.1","Prasad to Taylor, no run, full outside off, he lets it go through","http://www.espncricinfo.com/ci/engine/match/750669.html?innings=1;page=1;view=commentary"
"28","3.2","Prasad to Taylor, no run, gets across outside off, comes off a think inside edge into his pads","http://www.espncricinfo.com/ci/engine/match/750669.html?innings=1;page=1;view=commentary"
"29","3.3","Prasad to Taylor, no run, probing line just outside off, Taylor solidly blocks into the off side...wonder if the bowler would fancy trying to ping one into leg stump? Taylor often leaves it exposed","http://www.espncricinfo.com/ci/engine/match/750669.html?innings=1;page=1;view=commentary"
"30","3.4","Prasad to Taylor, no run, big appeal for lbw! Taylor caught on the crease by a good-length delivery which nipped back and struck him above the knee roll, but height not often an issue when Taylor is on strike. Might have been sliding down leg. Was just clipping","http://www.espncricinfo.com/ci/engine/match/750669.html?innings=1;page=1;view=commentary"
"31","3.5","Prasad to Taylor, no run, left alone outside off","http://www.espncricinfo.com/ci/engine/match/750669.html?innings=1;page=1;view=commentary"
"32","3.6","Prasad to Taylor, no run, that's a cracker! Back of a length, nips away off the seam and beats the outside edge. Superb over from Prasad.","http://www.espncricinfo.com/ci/engine/match/750669.html?innings=1;page=1;view=commentary"
"33","4.1","Mathews to Ali, 1 run, full outside off, he comes forward and drives towards mid-off who is deep enough to allow a comfortable single","http://www.espncricinfo.com/ci/engine/match/750669.html?innings=1;page=1;view=commentary"
"34","4.2","Mathews to Taylor, 3 runs, a slightly uppish drive, but played safely enough. He drives a full delivery towards the left of mid-off where Herath goes down in instalments and dives over the ball","http://www.espncricinfo.com/ci/engine/match/750669.html?innings=1;page=1;view=commentary"
"35","4.3","Mathews to Ali, 1 run, driven strongly square of the wicket to deep point","http://www.espncricinfo.com/ci/engine/match/750669.html?innings=1;page=1;view=commentary"
"36","4.4","Mathews to Taylor, no run, gets across outside off stump and defends a length delivery to the covers","http://www.espncricinfo.com/ci/engine/match/750669.html?innings=1;page=1;view=commentary"
"37","4.5","Mathews to Taylor, no run, terrific fielding at backward point by Dilshan, intercepts Taylor's strong square drive which looked to be heading for the boundary","http://www.espncricinfo.com/ci/engine/match/750669.html?innings=1;page=1;view=commentary"
"38","4.6","Mathews to Taylor, no run, that's very loose, it almost seemed a late decision to play. Was wide outside off and Taylor just fiddled at it with a cross-batted poke","http://www.espncricinfo.com/ci/engine/match/750669.html?innings=1;page=1;view=commentary"
"39","5.1","Prasad to Ali, 2 runs, that's a gorgeous piece of timing as he flicks this off his pads through straight midwicket and deep square has to get his stakes on to cut it off","http://www.espncricinfo.com/ci/engine/match/750669.html?innings=1;page=1;view=commentary"
"40","5.2","Prasad to Ali, 1 wide, started outside leg and swung further, ended as a big wide","http://www.espncricinfo.com/ci/engine/match/750669.html?innings=1;page=1;view=commentary"
"41","5.2","Prasad to Ali, no run, full on middle, defended with a straight bat","http://www.espncricinfo.com/ci/engine/match/750669.html?innings=1;page=1;view=commentary"
"42","Surath: ""Prasad looks in brilliant touch in the opening overs. But can he keep it going in the death overs? that is where the problem is. We miss SLINGA.""","Surath: ""Prasad looks in brilliant touch in the opening overs. But can he keep it going in the death overs? that is where the problem is. We miss SLINGA.""","http://www.espncricinfo.com/ci/engine/match/750669.html?innings=1;page=1;view=commentary"
"43","5.3","Prasad to Ali, no run, full on the stumps, shaping back into the left handed, punched firmly to mid-off","http://www.espncricinfo.com/ci/engine/match/750669.html?innings=1;page=1;view=commentary"
"44","5.4","Prasad to Ali, FOUR, frees his arms this time, it was full and wide outside off, driven powerfully wide of the short cover and past mid-off","http://www.espncricinfo.com/ci/engine/match/750669.html?innings=1;page=1;view=commentary"
"45","5.5","Prasad to Ali, FOUR, that's superbly classy from Moeen, this time the delivery is slightly short and he drives it on the up off the back foot with a little flick of the wrists","http://www.espncricinfo.com/ci/engine/match/750669.html?innings=1;page=1;view=commentary"
"46","5.6","Prasad to Ali, no run, fuller at off stump, defended towards backward point","http://www.espncricinfo.com/ci/engine/match/750669.html?innings=1;page=1;view=commentary"
"47","Surath: ""I still back Kula and Malinga to start bowling in the 2015 World Cup. Hope Prasad can come good too as he is a handy bat low down the order.""","Surath: ""I still back Kula and Malinga to start bowling in the 2015 World Cup. Hope Prasad can come good too as he is a handy bat low down the order.""","http://www.espncricinfo.com/ci/engine/match/750669.html?innings=1;page=1;view=commentary"
"48","6.1","Mathews to Taylor, no run, a fullish ball outside off, the batsman moves forward to drive and makes good contact but can't beat short cover","http://www.espncricinfo.com/ci/engine/match/750669.html?innings=1;page=1;view=commentary"
"49","6.2","Mathews to Taylor, 1 run, good length angling into the right-hander, Taylor stays in his crease and dabs towards midwicket for a quick single, there's a direct hit at the bowler's end but Taylor is easily safe","http://www.espncricinfo.com/ci/engine/match/750669.html?innings=1;page=1;view=commentary"
"50","6.3","Mathews to Ali, 1 run, Moeen reaches for a wide one and drives through cover for one more","http://www.espncricinfo.com/ci/engine/match/750669.html?innings=1;page=1;view=commentary"
"51","6.4","Mathews to Taylor, no run, Taylor skips down the track but is met with a short of a length ball that cramps him for room, he ends up playing it towards the bowler","http://www.espncricinfo.com/ci/engine/match/750669.html?innings=1;page=1;view=commentary"
"52","6.5","Mathews to Taylor, 1 run, gosh Taylor is quick, he drove a fuller ball firmly towards mid-on and sprinted away for a single, the fielder ran to his left, picked up and hit the stumps direct at the non-striker's end, Taylor was safe again","http://www.espncricinfo.com/ci/engine/match/750669.html?innings=1;page=1;view=commentary"
"53","6.6","Mathews to Ali, 1 run, Moeen stays back and drives through cover for a single","http://www.espncricinfo.com/ci/engine/match/750669.html?innings=1;page=1;view=commentary"
"54","Dilshan to bowl, offbreaks from round the wicket to Moeen.","Dilshan to bowl, offbreaks from round the wicket to Moeen.","http://www.espncricinfo.com/ci/engine/match/750669.html?innings=1;page=1;view=commentary"
"55","7.1","Dilshan to Ali, no run, tight line and length, wicket to wicket, Moeen stays in his crease and blocks","http://www.espncricinfo.com/ci/engine/match/750669.html?innings=1;page=1;view=commentary"
"56","7.2","Dilshan to Ali, OUT, oh my! Moeen stepped out of his crease and had an almighty heave, he wasn't close to the pitch of the ball and it fell well short of him and spun away to beat the bat, the keeper had loads of time to make the stumping. Hang on, Sangakkara said there was an edge. Either way, that's out.","http://www.espncricinfo.com/ci/engine/match/750669.html?innings=1;page=1;view=commentary"
"57","MM Ali c †Sangakkara b Dilshan 19 (37m 20b 3x4 0x6) SR: 95.00","MM Ali c †Sangakkara b Dilshan 19 (37m 20b 3x4 0x6) SR: 95.00","http://www.espncricinfo.com/ci/engine/match/750669.html?innings=1;page=1;view=commentary"
"58","Over the wicket to the right-hander.","Over the wicket to the right-hander.","http://www.espncricinfo.com/ci/engine/match/750669.html?innings=1;page=1;view=commentary"
"59","7.3","Dilshan to Root, 1 run, nudged off the pads off the back foot through midwicket for a single","http://www.espncricinfo.com/ci/engine/match/750669.html?innings=1;page=1;view=commentary"
"60","7.4","Dilshan to Taylor, no run, Taylor tries to cut off the back foot but is beaten outside off stump","http://www.espncricinfo.com/ci/engine/match/750669.html?innings=1;page=1;view=commentary"
"61","7.5","Dilshan to Taylor, no run, worked off the pads through square for a single","http://www.espncricinfo.com/ci/engine/match/750669.html?innings=1;page=1;view=commentary"
"62","7.6","Dilshan to Taylor, 1 run, Root stays in his crease and punches towards long on for a single, Dilshan tries to run to his right to stop it but the non striker is in his way, he wouldn't have got to it anyway","http://www.espncricinfo.com/ci/engine/match/750669.html?innings=1;page=1;view=commentary"
"63","Thisara Perera into the attack","Thisara Perera into the attack","http://www.espncricinfo.com/ci/engine/match/750669.html?innings=1;page=1;view=commentary"
"64","8.1","NLTC Perera to Taylor, 2 runs, starts by offering up some width, Taylor square drives into the ground and the ball bounces over backward point","http://www.espncricinfo.com/ci/engine/match/750669.html?innings=1;page=1;view=commentary"
"65","8.2","NLTC Perera to Taylor, 1 wide, that's very, very wide outside off","http://www.espncricinfo.com/ci/engine/match/750669.html?innings=1;page=1;view=commentary"
"66","8.2","NLTC Perera to Taylor, no run, width, again, but Taylor misses out as he only connects with fresh air while trying to play it square through the off side","http://www.espncricinfo.com/ci/engine/match/750669.html?innings=1;page=1;view=commentary"
"67","8.3","NLTC Perera to Taylor, no run, excellent fielding, Thirimanne at short cover, to cut off a drive by Taylor as he goes after a full, wide delivery","http://www.espncricinfo.com/ci/engine/match/750669.html?innings=1;page=1;view=commentary"
"68","8.4","NLTC Perera to Taylor, SIX, well, well...that's what we've seen plenty of in domestic cricket. Comes down the pitch, fetches this from outside off and deposits it over deep midwicket with a strong bottom-handed flick","http://www.espncricinfo.com/ci/engine/match/750669.html?innings=1;page=1;view=commentary"
"69","8.5","NLTC Perera to Taylor, no run, driven up to mid-off","http://www.espncricinfo.com/ci/engine/match/750669.html?innings=1;page=1;view=commentary"
"70","8.6","NLTC Perera to Taylor, FOUR, dispatches this one, too. It's a short ball from Perera which Taylor pounces on with a rasping pull through square leg","http://www.espncricinfo.com/ci/engine/match/750669.html?innings=1;page=1;view=commentary"
"71","Another change of bowling. Rangana Herath into the attack. The fifth bowler already. Slip and a short midwicket","Another change of bowling. Rangana Herath into the attack. The fifth bowler already. Slip and a short midwicket","http://www.espncricinfo.com/ci/engine/match/750669.html?innings=1;page=1;view=commentary"
"72","9.1","Herath to Root, 1 run, slides on with the arm, cut it off the stumps to short third man","http://www.espncricinfo.com/ci/engine/match/750669.html?innings=1;page=1;view=commentary"
"73","9.2","Herath to Taylor, no run, uses his feet, then defends with bat and pad together","http://www.espncricinfo.com/ci/engine/match/750669.html?innings=1;page=1;view=commentary"
"74","9.3","Herath to Taylor, no run, that had him in trouble! Grips and takes the outside edge as Taylor was squared up","http://www.espncricinfo.com/ci/engine/match/750669.html?innings=1;page=1;view=commentary"
"75","9.4","Herath to Taylor, no run, driven back to the bowler","http://www.espncricinfo.com/ci/engine/match/750669.html?innings=1;page=1;view=commentary"
"76","9.5","Herath to Taylor, 1 run, angled into leg stump, swept strongly out to deep square","http://www.espncricinfo.com/ci/engine/match/750669.html?innings=1;page=1;view=commentary"
"77","9.6","Herath to Root, no run, defended into the off side","http://www.espncricinfo.com/ci/engine/match/750669.html?innings=1;page=1;view=commentary"
"78","Mathews back after the expensive over from Perera","Mathews back after the expensive over from Perera","http://www.espncricinfo.com/ci/engine/match/750669.html?innings=1;page=1;view=commentary"
"79","10.1","Mathews to Taylor, no run, full outside off, defended to the covers","http://www.espncricinfo.com/ci/engine/match/750669.html?innings=1;page=1;view=commentary"
"80","10.2","Mathews to Taylor, 1 run, tucked off his pads through midwicket","http://www.espncricinfo.com/ci/engine/match/750669.html?innings=1;page=1;view=commentary"
"81","10.3","Mathews to Root, no run, nicely bowled, full outside off, moving away from Root who is drawn into pushing at the delivery and gets beaten","http://www.espncricinfo.com/ci/engine/match/750669.html?innings=1;page=1;view=commentary"
"82","10.4","Mathews to Root, no run, driven square to point","http://www.espncricinfo.com/ci/engine/match/750669.html?innings=1;page=1;view=commentary"
"83","10.5","Mathews to Root, no run, plays across a straight delivery around off stump and finds midwicket","http://www.espncricinfo.com/ci/engine/match/750669.html?innings=1;page=1;view=commentary"
"84","10.6","Mathews to Root, 1 run, opens the face to a full delivery outside off, down to third man","http://www.espncricinfo.com/ci/engine/match/750669.html?innings=1;page=1;view=commentary"
"85","11.1","Herath to Root, 1 run, short of a length, driven off the back foot to the cover sweeper","http://www.espncricinfo.com/ci/engine/match/750669.html?innings=1;page=1;view=commentary"
"86","11.2","Herath to Taylor, no run, gets well forward and defends to the off side","http://www.espncricinfo.com/ci/engine/match/750669.html?innings=1;page=1;view=commentary"
"87","11.3","Herath to Taylor, 1 run, this one slides on, Taylor punches off the back foot to the sweeper","http://www.espncricinfo.com/ci/engine/match/750669.html?innings=1;page=1;view=commentary"
"88","11.4","Herath to Root, 1 run, fired in full, driven down to long off","http://www.espncricinfo.com/ci/engine/match/750669.html?innings=1;page=1;view=commentary"
"89","11.5","Herath to Taylor, 1 run, confident footwork, takes a couple of strides down the pitch and drives to long off","http://www.espncricinfo.com/ci/engine/match/750669.html?innings=1;page=1;view=commentary"
"90","11.6","Herath to Root, 1 run, drifts onto the pads and it's clipped to deep square","http://www.espncricinfo.com/ci/engine/match/750669.html?innings=1;page=1;view=commentary"
"91","12.1","Mathews to Root, no run, full outside off, a gentle delivery, left alone","http://www.espncricinfo.com/ci/engine/match/750669.html?innings=1;page=1;view=commentary"
"92","12.2","Mathews to Root, no run, tighter to the stumps, driven up to mid-off","http://www.espncricinfo.com/ci/engine/match/750669.html?innings=1;page=1;view=commentary"
"93","12.3","Mathews to Root, no run, quite wide outside off, Root tries to flick it to the on side but just gets it back to the bowler","http://www.espncricinfo.com/ci/engine/match/750669.html?innings=1;page=1;view=commentary"
"94","12.4","Mathews to Root, 1 run, worked into the leg side","http://www.espncricinfo.com/ci/engine/match/750669.html?innings=1;page=1;view=commentary"
"95","12.5","Mathews to Taylor, no run, full outside off, dabbed square of the wicket towards point","http://www.espncricinfo.com/ci/engine/match/750669.html?innings=1;page=1;view=commentary"
"96","12.6","Mathews to Taylor, 2 runs, works a full, straight delivery through the leg side and there's a little fumble by Kusal in the deep although Taylor was always making that into a second","http://www.espncricinfo.com/ci/engine/match/750669.html?innings=1;page=1;view=commentary"
"97","13.1","Herath to Root, no run, blimey, that's close! Almost caught behind and almost bowled. Root trying to late-cut a delivery that was very tight to off stump","http://www.espncricinfo.com/ci/engine/match/750669.html?innings=1;page=1;view=commentary"
"98","13.2","Herath to Root, 1 run, this one is played more securely, cut to deep point","http://www.espncricinfo.com/ci/engine/match/750669.html?innings=1;page=1;view=commentary"
"99","13.3","Herath to Taylor, no run, big appeal for lbw, although perhaps more so from Sangakkara, as Taylor is taking on the pad as he sweeps but that's going down the leg side","http://www.espncricinfo.com/ci/engine/match/750669.html?innings=1;page=1;view=commentary"
"100","13.4","Herath to Taylor, no run, driven to cover","http://www.espncricinfo.com/ci/engine/match/750669.html?innings=1;page=1;view=commentary"
"101","13.5","Herath to Taylor, no run, driven hard into the pitch and back to the bowler","http://www.espncricinfo.com/ci/engine/match/750669.html?innings=1;page=1;view=commentary"
"102","13.6","Herath to Taylor, 2 runs, connects with the sweep this time, well placed through square leg which allows him another brace","http://www.espncricinfo.com/ci/engine/match/750669.html?innings=1;page=1;view=commentary"
"103","Time for another of the spin options as Jeevan Mendis comes on","Time for another of the spin options as Jeevan Mendis comes on","http://www.espncricinfo.com/ci/engine/match/750669.html?innings=1;page=1;view=commentary"
"104","14.1","BMAJ Mendis to Root, no run, starts short of a length, punched to midwicket","http://www.espncricinfo.com/ci/engine/match/750669.html?innings=1;page=1;view=commentary"
"105","14.2","BMAJ Mendis to Root, 1 run, short outside off, Root drives off the back foot to the cover sweeper","http://www.espncricinfo.com/ci/engine/match/750669.html?innings=1;page=1;view=commentary"
"106","14.3","BMAJ Mendis to Taylor, no run, pushed into the off side","http://www.espncricinfo.com/ci/engine/match/750669.html?innings=1;page=1;view=commentary"
"107","14.4","BMAJ Mendis to Taylor, 1 run, takes this off the stumps and sends it to deep point","http://www.espncricinfo.com/ci/engine/match/750669.html?innings=1;page=1;view=commentary"
"108","14.5","BMAJ Mendis to Root, FOUR, low full toss which he puts away which a bottom-handed whip through midwicket","http://www.espncricinfo.com/ci/engine/match/750669.html?innings=1;page=1;view=commentary"
"109","14.6","BMAJ Mendis to Root, 2 runs, now this is short outside off, he goes onto the back foot and places it wide of the sweeper","http://www.espncricinfo.com/ci/engine/match/750669.html?innings=1;page=1;view=commentary"
"110","15.1","Herath to Taylor, 1 run, compact footwork as he comes down the pitch then drives to long off","http://www.espncricinfo.com/ci/engine/match/750669.html?innings=1;page=1;view=commentary"
"111","15.2","Herath to Root, no run, comes forward and pushes at a full delivery with an open face","http://www.espncricinfo.com/ci/engine/match/750669.html?innings=1;page=1;view=commentary"
"112","15.3","Herath to Root, no run, slides into the pads","http://www.espncricinfo.com/ci/engine/match/750669.html?innings=1;page=1;view=commentary"
"113","15.4","Herath to Root, 1 run, tight run! Dabbed straight to short third man but Taylor races out of the blocks at the non-striker's end and actually makes it quite comfortably","http://www.espncricinfo.com/ci/engine/match/750669.html?innings=1;page=1;view=commentary"
"114","15.5","Herath to Taylor, 1 run, opens the face as he drives to place this wide of cover","http://www.espncricinfo.com/ci/engine/match/750669.html?innings=1;page=1;view=commentary"
"115","15.6","Herath to Root, no run, defended a little awkwardly on the back foot, squared up a little by some turn","http://www.espncricinfo.com/ci/engine/match/750669.html?innings=1;page=1;view=commentary"
"116","And the players take a drink. Good little stand forming between these two","And the players take a drink. Good little stand forming between these two","http://www.espncricinfo.com/ci/engine/match/750669.html?innings=1;page=1;view=commentary"
"117","16.1","BMAJ Mendis to Taylor, no run, chopped off the stumps to cover","http://www.espncricinfo.com/ci/engine/match/750669.html?innings=1;page=1;view=commentary"
"118","16.2","BMAJ Mendis to Taylor, 1 run, touch quicker, pushed into the on side","http://www.espncricinfo.com/ci/engine/match/750669.html?innings=1;page=1;view=commentary"
"119","16.3","BMAJ Mendis to Root, no run, full on middle, defended","http://www.espncricinfo.com/ci/engine/match/750669.html?innings=1;page=1;view=commentary"
"120","Root has swapped his helmet for a wide-brimmed sunhat","Root has swapped his helmet for a wide-brimmed sunhat","http://www.espncricinfo.com/ci/engine/match/750669.html?innings=1;page=1;view=commentary"
"121","16.4","BMAJ Mendis to Root, 1 run, driven down the ground to long on","http://www.espncricinfo.com/ci/engine/match/750669.html?innings=1;page=1;view=commentary"
"122","16.5","BMAJ Mendis to Taylor, no run, firmly flicked back to the bowler","http://www.espncricinfo.com/ci/engine/match/750669.html?innings=1;page=1;view=commentary"
"123","16.6","BMAJ Mendis to Taylor, no run, comes down the pitch and ends up yorking himself, just bunts the delivery back to Mendis","http://www.espncricinfo.com/ci/engine/match/750669.html?innings=1;page=1;view=commentary"
"124","Still a slip and short cover in place","Still a slip and short cover in place","http://www.espncricinfo.com/ci/engine/match/750669.html?innings=1;page=1;view=commentary"
"125","17.1","Herath to Root, 1 run, loses his shape on the shot as he tries to heave this into the leg side off the toe-end of the bat","http://www.espncricinfo.com/ci/engine/match/750669.html?innings=1;page=1;view=commentary"
"126","17.2","Herath to Taylor, 1 run, hit and go...whipped with string wrists straight to midwicket but Taylor is so quick between the wickets","http://www.espncricinfo.com/ci/engine/match/750669.html?innings=1;page=1;view=commentary"
"127","17.3","Herath to Root, 1 run, dabbed into the off side","http://www.espncricinfo.com/ci/engine/match/750669.html?innings=1;page=1;view=commentary"
"128","17.4","Herath to Taylor, 1 run, slightly shorter, played off the back foot into the off side","http://www.espncricinfo.com/ci/engine/match/750669.html?innings=1;page=1;view=commentary"
"129","17.5","Herath to Root, no run, fired in full, dug out back to Herath","http://www.espncricinfo.com/ci/engine/match/750669.html?innings=1;page=1;view=commentary"
"130","17.6","Herath to Root, no run, opens the face off the back foot and finds point","http://www.espncricinfo.com/ci/engine/match/750669.html?innings=1;page=1;view=commentary"
"131","18.1","BMAJ Mendis to Taylor, no run, goes for the sweep, it's a loopier delivery, gets taken on the pad","http://www.espncricinfo.com/ci/engine/match/750669.html?innings=1;page=1;view=commentary"
"132","18.2","BMAJ Mendis to Taylor, no run, played back to the bowler","http://www.espncricinfo.com/ci/engine/match/750669.html?innings=1;page=1;view=commentary"
"133","18.3","BMAJ Mendis to Taylor, no run, nearly a mix-up! Taylor was down the pitch, driving firmly to mid-on. Taylor was off straight away but Root had needed to take evasive action at the non-striker's end so couldn't respond as quickly","http://www.espncricinfo.com/ci/engine/match/750669.html?innings=1;page=1;view=commentary"
"134","18.4","BMAJ Mendis to Taylor, no run, given! Going for the sweep, and umpire Davis is up quickly. But Taylor signals for a review instantly which suggests he's confident he's hit it. And the reply shows a healthy bottom edge into the pad","http://www.espncricinfo.com/ci/engine/match/750669.html?innings=1;page=1;view=commentary"
"135","18.5","BMAJ Mendis to Taylor, no run, driven off the back foot to cover","http://www.espncricinfo.com/ci/engine/match/750669.html?innings=1;page=1;view=commentary"
"136","18.6","BMAJ Mendis to Taylor, no run, misses out on a short delivery as he picks out Dilshan in the off side","http://www.espncricinfo.com/ci/engine/match/750669.html?innings=1;page=1;view=commentary"
"137","A maiden from Mendis","A maiden from Mendis","http://www.espncricinfo.com/ci/engine/match/750669.html?innings=1;page=1;view=commentary"
"138","And now it's the other Mendis - Ajantha","And now it's the other Mendis - Ajantha","http://www.espncricinfo.com/ci/engine/match/750669.html?innings=1;page=1;view=commentary"
"139","19.1","BAW Mendis to Root, 1 run, starts full and it's eased down the ground to long on","http://www.espncricinfo.com/ci/engine/match/750669.html?innings=1;page=1;view=commentary"
"140","19.2","BAW Mendis to Taylor, 2 runs, paddle-sweeps this from around off stump over his shoulder and down towards fine leg","http://www.espncricinfo.com/ci/engine/match/750669.html?innings=1;page=1;view=commentary"
"141","Fifty stand between this pair","Fifty stand between this pair","http://www.espncricinfo.com/ci/engine/match/750669.html?innings=1;page=1;view=commentary"
"142","19.3","BAW Mendis to Taylor, 1 run, down the pitch and whips along the ground through midwicket","http://www.espncricinfo.com/ci/engine/match/750669.html?innings=1;page=1;view=commentary"
"143","DanielAlexander: ""Mix-up, dives, appeal, review and after all those drama, no runs scored off that over ""","DanielAlexander: ""Mix-up, dives, appeal, review and after all those drama, no runs scored off that over ""","http://www.espncricinfo.com/ci/engine/match/750669.html?innings=1;page=1;view=commentary"
"144","19.4","BAW Mendis to Root, no run, played into the off side","http://www.espncricinfo.com/ci/engine/match/750669.html?innings=1;page=1;view=commentary"
"145","19.5","BAW Mendis to Root, 1 run, comes down the track and drives just to the right of mid-off who is inside the circle","http://www.espncricinfo.com/ci/engine/match/750669.html?innings=1;page=1;view=commentary"
"146","19.6","BAW Mendis to Taylor, SIX, excellent power and placement, goes over the top as he launches a full delivery over the long-off rope","http://www.espncricinfo.com/ci/engine/match/750669.html?innings=1;page=1;view=commentary"
"147","20.1","BMAJ Mendis to Root, SIX, back-to-back sixes, for different batsmen, as Root brings out the slog sweep as he picks the googly from Jeevan and clears wide long on","http://www.espncricinfo.com/ci/engine/match/750669.html?innings=1;page=1;view=commentary"
"148","20.2","BMAJ Mendis to Root, 1 run, driven down to long on","http://www.espncricinfo.com/ci/engine/match/750669.html?innings=1;page=1;view=commentary"
"149","20.3","BMAJ Mendis to Taylor, FOUR, more aggression from Taylor as he comes down the pitch and lofts it over mid-on who had been brought inside the circle, clears him comfortable and beats long off who was running around","http://www.espncricinfo.com/ci/engine/match/750669.html?innings=1;page=1;view=commentary"
"150","20.4","BMAJ Mendis to Taylor, 1 run, full delivery, eased down the ground to long off","http://www.espncricinfo.com/ci/engine/match/750669.html?innings=1;page=1;view=commentary"
"151","20.5","BMAJ Mendis to Root, 2 runs, opens the face and finds short third man, they get a bonus run as the bowler misses the throw with both Taylor and Root alert to the situation","http://www.espncricinfo.com/ci/engine/match/750669.html?innings=1;page=1;view=commentary"
"152","20.6","BMAJ Mendis to Root, no run, full on leg stump, defended","http://www.espncricinfo.com/ci/engine/match/750669.html?innings=1;page=1;view=commentary"
"153","Surath: ""All the pressure built leading upto Ajanthas over is wasted. No turn, Not pitching it in the right areas, easy picking for the batters! Why is he even in the team? ""","Surath: ""All the pressure built leading upto Ajanthas over is wasted. No turn, Not pitching it in the right areas, easy picking for the batters! Why is he even in the team? ""","http://www.espncricinfo.com/ci/engine/match/750669.html?innings=1;page=1;view=commentary"
"154","21.1","BAW Mendis to Taylor, 1 run, outside off, pushed into the off side and that takes him to a maiden ODI fifty","http://www.espncricinfo.com/ci/engine/match/750669.html?innings=1;page=1;view=commentary"
"155","21.2","BAW Mendis to Root, no run, angled into the pads, Root misses his flick","http://www.espncricinfo.com/ci/engine/match/750669.html?innings=1;page=1;view=commentary"
"156","21.3","BAW Mendis to Root, 1 run, angled to short third man, another single straight to a fielder for this pair","http://www.espncricinfo.com/ci/engine/match/750669.html?innings=1;page=1;view=commentary"
"157","21.4","BAW Mendis to Taylor, 1 run, down the pitch, loses his shape a little and ends up heaving it through midwicket","http://www.espncricinfo.com/ci/engine/match/750669.html?innings=1;page=1;view=commentary"
"158","21.5","BAW Mendis to Root, 1 run, driven up to mid-off who fumbles but it wouldn't have been able to stop the run","http://www.espncricinfo.com/ci/engine/match/750669.html?innings=1;page=1;view=commentary"
"159","21.6","BAW Mendis to Taylor, 1 run, paddles this from outside off behind square on the leg side...Sangakkara saw Taylor shaping for the shot and started to move to his left, but the ball was well wide of him","http://www.espncricinfo.com/ci/engine/match/750669.html?innings=1;page=1;view=commentary"
"160","Back to some pace with Prasad","Back to some pace with Prasad","http://www.espncricinfo.com/ci/engine/match/750669.html?innings=1;page=1;view=commentary"
"161","22.1","Prasad to Taylor, 2 runs, back of a length, pulls it through straight midwicket","http://www.espncricinfo.com/ci/engine/match/750669.html?innings=1;page=1;view=commentary"
"162","22.2","Prasad to Taylor, 2 runs, now he uses his feet to the quick, too, and whips it through midwicket although wasn't entirely in control as his bottom hand came off the bat","http://www.espncricinfo.com/ci/engine/match/750669.html?innings=1;page=1;view=commentary"
"163","22.3","Prasad to Taylor, no run, jabs down on a full delivery, there's an appeal for caught behind...the umpires come together for a chat, and decide to go upstairs. This is not a player review. Pictures aren't especially clear. The ball goes under the toe-end of Taylor's bat. And it's given not out.","http://www.espncricinfo.com/ci/engine/match/750669.html?innings=1;page=1;view=commentary"
"164","22.4","Prasad to Taylor, 1 run, angled into the pads, flicked to deep midwicket","http://www.espncricinfo.com/ci/engine/match/750669.html?innings=1;page=1;view=commentary"
"165","22.5","Prasad to Root, no run, another appeal, for lbw this time, as Root falls across his shot but the keeper was heading down the leg side...easily missing the stumps","http://www.espncricinfo.com/ci/engine/match/750669.html?innings=1;page=1;view=commentary"
"166","22.6","Prasad to Root, 1 run, that was a tight run! Dabbed square of the wicket and Taylor would have been struggling with a direct hit from backward point","http://www.espncricinfo.com/ci/engine/match/750669.html?innings=1;page=1;view=commentary"
"167","23.1","BAW Mendis to Root, 1 run, full on the stumps, worked to deep midwicket","http://www.espncricinfo.com/ci/engine/match/750669.html?innings=1;page=1;view=commentary"
"168","23.2","BAW Mendis to Taylor, 1 run, dragged down short, pulled in front of square but straight to the man in the deep","http://www.espncricinfo.com/ci/engine/match/750669.html?innings=1;page=1;view=commentary"
"169","23.3","BAW Mendis to Root, 1 run, pushed down the leg side, would have been a wide if Root hadn't caught up with it and flicked to deep backward square","http://www.espncricinfo.com/ci/engine/match/750669.html?innings=1;page=1;view=commentary"
"170","23.4","BAW Mendis to Taylor, no run, worked from outside off into the leg side","http://www.espncricinfo.com/ci/engine/match/750669.html?innings=1;page=1;view=commentary"
"171","23.5","BAW Mendis to Taylor, 1 run, short and wide outside off, Taylor crashes this through the covers but just a single to the sweeper","http://www.espncricinfo.com/ci/engine/match/750669.html?innings=1;page=1;view=commentary"
"172","23.6","BAW Mendis to Root, no run, driven square to point","http://www.espncricinfo.com/ci/engine/match/750669.html?innings=1;page=1;view=commentary"
"173","24.1","Prasad to Taylor, no run, good delivery, full and straight, Taylor wanting to use his feet again and digs it out to the leg side...gets a few words from Prasad","http://www.espncricinfo.com/ci/engine/match/750669.html?innings=1;page=1;view=commentary"
"174","24.2","Prasad to Taylor, no run, full toss, he can't beat mid-on which will annoy him","http://www.espncricinfo.com/ci/engine/match/750669.html?innings=1;page=1;view=commentary"
"175","24.3","Prasad to Taylor, no run, full again, outside off and some late swing into Taylor who jabs it out towards the keeper","http://www.espncricinfo.com/ci/engine/match/750669.html?innings=1;page=1;view=commentary"
"176","24.4","Prasad to Taylor, FOUR, moment of fortune for Taylor who was coming down the pitch again gets an inside edge just past leg stump and down to fine leg","http://www.espncricinfo.com/ci/engine/match/750669.html?innings=1;page=1;view=commentary"
"177","24.5","Prasad to Taylor, 1 run, full outside off, whipped with bottom hand to mid-on and another sharp single","http://www.espncricinfo.com/ci/engine/match/750669.html?innings=1;page=1;view=commentary"
"178","24.6","Prasad to Root, 1 run, nice drive from Root to a full delivery but it's a good piece of fielding at mid-off by the captain","http://www.espncricinfo.com/ci/engine/match/750669.html?innings=1;page=1;view=commentary"
"179","With England forming a solid base, I'm going to hand over to Alex for the first time today","With England forming a solid base, I'm going to hand over to Alex for the first time today","http://www.espncricinfo.com/ci/engine/match/750669.html?innings=1;page=1;view=commentary"
"180","Cheers Gnasher, morning sports fans, Rangana Herath into the attack...","Cheers Gnasher, morning sports fans, Rangana Herath into the attack...","http://www.espncricinfo.com/ci/engine/match/750669.html?innings=1;page=1;view=commentary"
"181","25.1","Herath to Root, no run, off stump and quite full, pressed towards point","http://www.espncricinfo.com/ci/engine/match/750669.html?innings=1;page=1;view=commentary"
"182","25.2","Herath to Root, no run, stays leg side to drive a straighter ball to extra cover","http://www.espncricinfo.com/ci/engine/match/750669.html?innings=1;page=1;view=commentary"
"183","25.3","Herath to Root, OUT, stays leg side of this again, goes to drive again and gets bowled! The change works for Sri Lanka, Herath has struck with perhaps a quicker ball that Root has misjudged. He should have been playing much straighter but tried to slash it square and missed, losing his middle and off stumps, partnership broken","http://www.espncricinfo.com/ci/engine/match/750669.html?innings=1;page=1;view=commentary"
"184","JE Root b Herath 36 (77m 49b 1x4 1x6) SR: 73.46","JE Root b Herath 36 (77m 49b 1x4 1x6) SR: 73.46","http://www.espncricinfo.com/ci/engine/match/750669.html?innings=1;page=1;view=commentary"
"185","25.4","Herath to Bopara, no run, floaty full delivery, Bopara forward and pressing into the covers","http://www.espncricinfo.com/ci/engine/match/750669.html?innings=1;page=1;view=commentary"
"186","25.5","Herath to Bopara, no run, straighter ball, defended up the wicket","http://www.espncricinfo.com/ci/engine/match/750669.html?innings=1;page=1;view=commentary"
"187","25.6","Herath to Bopara, 1 run, opens the face to steer this wide of extra cover, it was in the air for a time","http://www.espncricinfo.com/ci/engine/match/750669.html?innings=1;page=1;view=commentary"
"188","26.1","Prasad to Bopara, no run, full length on off stump, Bopara forward playing firmly into the covers","http://www.espncricinfo.com/ci/engine/match/750669.html?innings=1;page=1;view=commentary"
"189","26.2","Prasad to Bopara, 1 run, fuller ball, driven to extra cover where there's a misfield and they get a run","http://www.espncricinfo.com/ci/engine/match/750669.html?innings=1;page=1;view=commentary"
"190","26.3","Prasad to Taylor, no run, blockhole ball, Taylor gets it off the toe to extra cover","http://www.espncricinfo.com/ci/engine/match/750669.html?innings=1;page=1;view=commentary"
"191","26.4","Prasad to Taylor, 1 run, another very full ball, dug out towards mid-on, they take on the fielder and a direct hit would have seen Taylor gone","http://www.espncricinfo.com/ci/engine/match/750669.html?innings=1;page=1;view=commentary"
"192","26.5","Prasad to Bopara, 1 run, touch wider line, driven on the bounce to backward point who can't take it cleanly and they get a single","http://www.espncricinfo.com/ci/engine/match/750669.html?innings=1;page=1;view=commentary"
"193","26.6","Prasad to Taylor, 1 run, cutter, a touch short, pulled out to deep square, Taylor gets an official warning here for running on the pitch, a few times he's gone up the middle","http://www.espncricinfo.com/ci/engine/match/750669.html?innings=1;page=1;view=commentary"
"194","27.1","Herath to Taylor, no run, forward on off stump, playing with the outer half of the bat to cover","http://www.espncricinfo.com/ci/engine/match/750669.html?innings=1;page=1;view=commentary"
"195","27.2","Herath to Taylor, 1 run, with the inner half this time, gets a thick-edged single into midwicket","http://www.espncricinfo.com/ci/engine/match/750669.html?innings=1;page=1;view=commentary"
"196","27.3","Herath to Bopara, 1 run, fuller length, punched down to long-off","http://www.espncricinfo.com/ci/engine/match/750669.html?innings=1;page=1;view=commentary"
"197","27.4","Herath to Taylor, 1 run, touch short, cut out to deep cover","http://www.espncricinfo.com/ci/engine/match/750669.html?innings=1;page=1;view=commentary"
"198","27.5","Herath to Bopara, no run, full length rolled back to the bowler","http://www.espncricinfo.com/ci/engine/match/750669.html?innings=1;page=1;view=commentary"
"199","27.6","Herath to Bopara, 1 run, down the track and slapped down to long-off","http://www.espncricinfo.com/ci/engine/match/750669.html?innings=1;page=1;view=commentary"
"200","Thisara Perera now comes on...","Thisara Perera now comes on...","http://www.espncricinfo.com/ci/engine/match/750669.html?innings=1;page=1;view=commentary"
"201","28.1","NLTC Perera to Bopara, no run, length ball on the stumps, patted back to the bowler","http://www.espncricinfo.com/ci/engine/match/750669.html?innings=1;page=1;view=commentary"
"202","28.2","NLTC Perera to Bopara, no run, down the wicket, the bowler adjusts his length a little and Bopara can only push this to mid-off","http://www.espncricinfo.com/ci/engine/match/750669.html?innings=1;page=1;view=commentary"
"203","28.3","NLTC Perera to Bopara, 1 run, similar length, this time Bopara stays in the crease and tucks this down to long leg","http://www.espncricinfo.com/ci/engine/match/750669.html?innings=1;page=1;view=commentary"
"204","28.4","NLTC Perera to Taylor, FOUR, touch short and Taylor with very fast hands pulls and gets four through deep square","http://www.espncricinfo.com/ci/engine/match/750669.html?innings=1;page=1;view=commentary"
"205","28.5","NLTC Perera to Taylor, 1 run, line a foot outside off this time and Taylor cuts to cover","http://www.espncricinfo.com/ci/engine/match/750669.html?innings=1;page=1;view=commentary"
"206","28.6","NLTC Perera to Bopara, no run, fuller length, played forward and nudged to midwicket","http://www.espncricinfo.com/ci/engine/match/750669.html?innings=1;page=1;view=commentary"
"207","Another change, it's now Jeevan Mendis...","Another change, it's now Jeevan Mendis...","http://www.espncricinfo.com/ci/engine/match/750669.html?innings=1;page=1;view=commentary"
"208","29.1","BMAJ Mendis to Taylor, no run, short and Taylor cuts strangely up the wicket without timing so the bowler can field","http://www.espncricinfo.com/ci/engine/match/750669.html?innings=1;page=1;view=commentary"
"209","29.2","BMAJ Mendis to Taylor, no run, cut again to a ball not that short and finds cover","http://www.espncricinfo.com/ci/engine/match/750669.html?innings=1;page=1;view=commentary"
"210","29.3","BMAJ Mendis to Taylor, no run, back to pull this time finding midwicket now","http://www.espncricinfo.com/ci/engine/match/750669.html?innings=1;page=1;view=commentary"
"211","29.4","BMAJ Mendis to Taylor, 1 run, finally finds the gap, nudging this up between mid-off and extra cover for a single","http://www.espncricinfo.com/ci/engine/match/750669.html?innings=1;page=1;view=commentary"
"212","Seems to have tweaked his wrist Taylor, the gloves are off and he's wringing his hand. Out comes the physio and because of the enforced break they're going to take drinks. Bravo umpires saving us some time...","Seems to have tweaked his wrist Taylor, the gloves are off and he's wringing his hand. Out comes the physio and because of the enforced break they're going to take drinks. Bravo umpires saving us some time...","http://www.espncricinfo.com/ci/engine/match/750669.html?innings=1;page=1;view=commentary"
"213","29.5","BMAJ Mendis to Bopara, no run, full length, played back to the bowler","http://www.espncricinfo.com/ci/engine/match/750669.html?innings=1;page=1;view=commentary"
"214","29.6","BMAJ Mendis to Bopara, 2 runs, paddle swept off the stumps fine of deep backward square, Bopara runs hard and gets back for two","http://www.espncricinfo.com/ci/engine/match/750669.html?innings=1;page=1;view=commentary"
"215","Decent platform here for England but they need another partnership now to set up the power players for late in the innings...","Decent platform here for England but they need another partnership now to set up the power players for late in the innings...","http://www.espncricinfo.com/ci/engine/match/750669.html?innings=1;page=1;view=commentary"
"216","Tillakaratne Dilshan now comes on...","Tillakaratne Dilshan now comes on...","http://www.espncricinfo.com/ci/engine/match/750669.html?innings=1;page=1;view=commentary"
"217","30.1","Dilshan to Taylor, 1 run, down the track, meets this on the full from outside off and clips it down to long-on","http://www.espncricinfo.com/ci/engine/match/750669.html?innings=1;page=1;view=commentary"
"218","30.2","Dilshan to Bopara, no run, cut hard, comes off a but of a top edge but well short of short third man","http://www.espncricinfo.com/ci/engine/match/750669.html?innings=1;page=1;view=commentary"
"219","30.3","Dilshan to Bopara, 1 run, back and clips this through square leg for an easy single","http://www.espncricinfo.com/ci/engine/match/750669.html?innings=1;page=1;view=commentary"
"220","30.4","Dilshan to Taylor, 1 run, down the track, taps this up on the leg side, short midwicket can't cut it off","http://www.espncricinfo.com/ci/engine/match/750669.html?innings=1;page=1;view=commentary"
"221","30.5","Dilshan to Bopara, 1 run, tad short, Bopara back pressing firmly down to long-on","http://www.espncricinfo.com/ci/engine/match/750669.html?innings=1;page=1;view=commentary"
"222","30.6","Dilshan to Taylor, FOUR, down the track, aims off side and gets it away nicely, played a little in-to-out to send it over mid-off, comfy gap back there, one bounce four","http://www.espncricinfo.com/ci/engine/match/750669.html?innings=1;page=1;view=commentary"
"223","We've seen this so often from Taylor in county cricket, great to see him simply carrying on now for England too...","We've seen this so often from Taylor in county cricket, great to see him simply carrying on now for England too...","http://www.espncricinfo.com/ci/engine/match/750669.html?innings=1;page=1;view=commentary"
"224","31.1","BMAJ Mendis to Bopara, no run, full ball pressed to short midwicket","http://www.espncricinfo.com/ci/engine/match/750669.html?innings=1;page=1;view=commentary"
"225","31.2","BMAJ Mendis to Bopara, 1 run, touch more off stump line and pressed down to long-on","http://www.espncricinfo.com/ci/engine/match/750669.html?innings=1;page=1;view=commentary"
"226","31.3","BMAJ Mendis to Taylor, 1 leg bye, started to advance, the bowler fired it at leg stump, Taylor swept and missed, there was a ricochet into the off side and they scamper a single","http://www.espncricinfo.com/ci/engine/match/750669.html?innings=1;page=1;view=commentary"
"227","31.4","BMAJ Mendis to Bopara, 1 run, leg stump line, flicked through square leg, 150 up","http://www.espncricinfo.com/ci/engine/match/750669.html?innings=1;page=1;view=commentary"
"228","31.5","BMAJ Mendis to Taylor, no run, right back in the crease, pulled hard but only to short midwicket where the cool cookie Mathews makes the save","http://www.espncricinfo.com/ci/engine/match/750669.html?innings=1;page=1;view=commentary"
"229","31.6","BMAJ Mendis to Taylor, no run, goes to sweep and gets struck on the pad, it deflects into the covers","http://www.espncricinfo.com/ci/engine/match/750669.html?innings=1;page=1;view=commentary"
"230","32.1","Dilshan to Bopara, no run, back foot and clipped with the spin to square leg","http://www.espncricinfo.com/ci/engine/match/750669.html?innings=1;page=1;view=commentary"
"231","32.2","Dilshan to Bopara, 1 run, tucks this in front of square leg this time so they scamper a single","http://www.espncricinfo.com/ci/engine/match/750669.html?innings=1;page=1;view=commentary"
"232","32.3","Dilshan to Taylor, FOUR, great shot, took a shimmy down, the bowler dropped his length, Taylor adjusts and gets right down to sweep and nails it in the gap between the two deep fielders","http://www.espncricinfo.com/ci/engine/match/750669.html?innings=1;page=1;view=commentary"
"233","32.4","Dilshan to Taylor, 1 run, down again, single whipped out to deep midwicket","http://www.espncricinfo.com/ci/engine/match/750669.html?innings=1;page=1;view=commentary"
"234","32.5","Dilshan to Bopara, no run, tries to create some length with a backward step but is hurried into forcing this to midwicket","http://www.espncricinfo.com/ci/engine/match/750669.html?innings=1;page=1;view=commentary"
"235","32.6","Dilshan to Bopara, 1 run, quicker ball touched to short long leg","http://www.espncricinfo.com/ci/engine/match/750669.html?innings=1;page=1;view=commentary"
"236","Couple more before the batting Powerplay which, as ever, will be an important stage in the innings, can England make 300...","Couple more before the batting Powerplay which, as ever, will be an important stage in the innings, can England make 300...","http://www.espncricinfo.com/ci/engine/match/750669.html?innings=1;page=1;view=commentary"
"237","33.1","BMAJ Mendis to Bopara, 5 runs, full length ran to mid-on, they take a quick single and then...hoho! The fielder throws it right over the keeper's head and it races away for four overthrows! Deep square charged around trying to save the boundary but to no avail, what an awful throw, think it was Thisara Perera","http://www.espncricinfo.com/ci/engine/match/750669.html?innings=1;page=1;view=commentary"
"238","33.2","BMAJ Mendis to Taylor, 1 run, leg stump line and swept out to deep square","http://www.espncricinfo.com/ci/engine/match/750669.html?innings=1;page=1;view=commentary"
"239","33.3","BMAJ Mendis to Bopara, 1 run, full length whipped out to long-on, always so calm is Bopara","http://www.espncricinfo.com/ci/engine/match/750669.html?innings=1;page=1;view=commentary"
"240","A very straight deep extra-cover is back...","A very straight deep extra-cover is back...","http://www.espncricinfo.com/ci/engine/match/750669.html?innings=1;page=1;view=commentary"
"241","33.4","BMAJ Mendis to Taylor, 2 runs, but this is leg side runs, two of them wide of long-on, excellent placement and running","http://www.espncricinfo.com/ci/engine/match/750669.html?innings=1;page=1;view=commentary"
"242","33.5","BMAJ Mendis to Taylor, no run, cramped a little around middle and leg, forces this to short midwicket","http://www.espncricinfo.com/ci/engine/match/750669.html?innings=1;page=1;view=commentary"
"243","33.6","BMAJ Mendis to Taylor, 1 run, back tickling this around the corner, an easy single","http://www.espncricinfo.com/ci/engine/match/750669.html?innings=1;page=1;view=commentary"
"244","Taylor getting a little more treatment on his wrist as the batting Powerplay is taken. Ajantha Medis to bowl...","Taylor getting a little more treatment on his wrist as the batting Powerplay is taken. Ajantha Medis to bowl...","http://www.espncricinfo.com/ci/engine/match/750669.html?innings=1;page=1;view=commentary"
"245","34.1","BAW Mendis to Taylor, 1 run, driven down the ground, not the best timing so they could get a second but long-on is around in time","http://www.espncricinfo.com/ci/engine/match/750669.html?innings=1;page=1;view=commentary"
"246","34.2","BAW Mendis to Bopara, no run, back just defending this up the wicket","http://www.espncricinfo.com/ci/engine/match/750669.html?innings=1;page=1;view=commentary"
"247","34.3","BAW Mendis to Bopara, 1 run, dropped from the off stump in front of point for a sharp single","http://www.espncricinfo.com/ci/engine/match/750669.html?innings=1;page=1;view=commentary"
"248","34.4","BAW Mendis to Taylor, OUT, down the wicket, aiming over the off side, gets it off the toe and squirts it to cover! A shame for Taylor who's missed out on a century on his return to the side but he's played very nicely indeed. Aiming over the off side here, trying to play in-to-out, didn't get it quite right, it looped to where cover was shuffling back and claimed an easy catch","http://www.espncricinfo.com/ci/engine/match/750669.html?innings=1;page=1;view=commentary"
"249","JWA Taylor c MDKJ Perera b BAW Mendis 90 (150m 109b 6x4 2x6) SR: 82.56","JWA Taylor c MDKJ Perera b BAW Mendis 90 (150m 109b 6x4 2x6) SR: 82.56","http://www.espncricinfo.com/ci/engine/match/750669.html?innings=1;page=1;view=commentary"
"250","34.5","BAW Mendis to Morgan, 1 wide, way down the leg side","http://www.espncricinfo.com/ci/engine/match/750669.html?innings=1;page=1;view=commentary"
"251","Morgan England captain today, he's been short of runs for a while now...","Morgan England captain today, he's been short of runs for a while now...","http://www.espncricinfo.com/ci/engine/match/750669.html?innings=1;page=1;view=commentary"
"252","34.5","BAW Mendis to Morgan, no run, tapped off the stumps into the leg side, no single available","http://www.espncricinfo.com/ci/engine/match/750669.html?innings=1;page=1;view=commentary"
"253","34.6","BAW Mendis to Morgan, no run, back covering up in front of off stump","http://www.espncricinfo.com/ci/engine/match/750669.html?innings=1;page=1;view=commentary"
"254","Just what England didn't want at the start of the Powerplay...","Just what England didn't want at the start of the Powerplay...","http://www.espncricinfo.com/ci/engine/match/750669.html?innings=1;page=1;view=commentary"
"255","Dilshan again now...","Dilshan again now...","http://www.espncricinfo.com/ci/engine/match/750669.html?innings=1;page=1;view=commentary"
"256","35.1","Dilshan to Bopara, 1 run, back flicking this through square leg for an easy single","http://www.espncricinfo.com/ci/engine/match/750669.html?innings=1;page=1;view=commentary"
"257","Can Morgan find a way to rotate the strike as Bopara is managing?","Can Morgan find a way to rotate the strike as Bopara is managing?","http://www.espncricinfo.com/ci/engine/match/750669.html?innings=1;page=1;view=commentary"
"258","35.2","Dilshan to Morgan, 1 run, does so here with a nudge into the leg side, an easy single to get Morgan going","http://www.espncricinfo.com/ci/engine/match/750669.html?innings=1;page=1;view=commentary"
"259","35.3","Dilshan to Bopara, OUT, back looking to force down the ground and it's through him! Onto Bopara faster than he was anticipating and he's lost his middle and off stumps. Like Root, a total misjudgment really, he exposed his stumps and the delivery ran on and through his stroke, might have kept a touch low","http://www.espncricinfo.com/ci/engine/match/750669.html?innings=1;page=1;view=commentary"
"260","RS Bopara b Dilshan 22 (47m 31b 0x4 0x6) SR: 70.96","RS Bopara b Dilshan 22 (47m 31b 0x4 0x6) SR: 70.96","http://www.espncricinfo.com/ci/engine/match/750669.html?innings=1;page=1;view=commentary"
"261","35.4","Dilshan to Buttler, 1 wide, shoveled down the leg side","http://www.espncricinfo.com/ci/engine/match/750669.html?innings=1;page=1;view=commentary"
"262","35.4","Dilshan to Buttler, 1 run, back clipped out through the leg side","http://www.espncricinfo.com/ci/engine/match/750669.html?innings=1;page=1;view=commentary"
"263","35.5","Dilshan to Morgan, no run, also back forcing this from middle stump to cover","http://www.espncricinfo.com/ci/engine/match/750669.html?innings=1;page=1;view=commentary"
"264","35.6","Dilshan to Morgan, no run, gets forward now and defends up the wicket","http://www.espncricinfo.com/ci/engine/match/750669.html?innings=1;page=1;view=commentary"
"265","A disaster so far this Powerplay for England...","A disaster so far this Powerplay for England...","http://www.espncricinfo.com/ci/engine/match/750669.html?innings=1;page=1;view=commentary"
"266","36.1","BAW Mendis to Buttler, no run, full ball outside off, Buttler misjudges the length a little and plays and misses outside off","http://www.espncricinfo.com/ci/engine/match/750669.html?innings=1;page=1;view=commentary"
"267","36.2","BAW Mendis to Buttler, no run, goes to cut and just finds cover","http://www.espncricinfo.com/ci/engine/match/750669.html?innings=1;page=1;view=commentary"
"268","36.3","BAW Mendis to Buttler, no run, back nudging this up to short midwicket","http://www.espncricinfo.com/ci/engine/match/750669.html?innings=1;page=1;view=commentary"
"269","36.4","BAW Mendis to Buttler, 2 runs, fuller ball, driven with snappy wrists wide of deep cover so they can get a second","http://www.espncricinfo.com/ci/engine/match/750669.html?innings=1;page=1;view=commentary"
"270","36.5","BAW Mendis to Buttler, 1 run, back and tucked from the off stump to deep cover","http://www.espncricinfo.com/ci/engine/match/750669.html?innings=1;page=1;view=commentary"
"271","36.6","BAW Mendis to Morgan, FOUR, leg stump line and swept hard and backward of square, poor line from the bowler","http://www.espncricinfo.com/ci/engine/match/750669.html?innings=1;page=1;view=commentary"
"272","37.1","Dilshan to Buttler, 1 run, full length outside off, clipped down to long-on","http://www.espncricinfo.com/ci/engine/match/750669.html?innings=1;page=1;view=commentary"
"273","37.2","Dilshan to Morgan, no run, back punching to the bowler","http://www.espncricinfo.com/ci/engine/match/750669.html?innings=1;page=1;view=commentary"
"274","37.3","Dilshan to Morgan, no run, down the track but just reaching out to block back to the bowler","http://www.espncricinfo.com/ci/engine/match/750669.html?innings=1;page=1;view=commentary"
"275","37.4","Dilshan to Morgan, no run, back now playing up the wicket","http://www.espncricinfo.com/ci/engine/match/750669.html?innings=1;page=1;view=commentary"
"276","37.5","Dilshan to Morgan, 1 run, goes to cut this hard and gets a thick underedge that goes past leg stump and inside short long leg for an easy single","http://www.espncricinfo.com/ci/engine/match/750669.html?innings=1;page=1;view=commentary"
"277","37.6","Dilshan to Buttler, no run, back pressing this to the bowler","http://www.espncricinfo.com/ci/engine/match/750669.html?innings=1;page=1;view=commentary"
"278","Thos wickets allowing Sri Lanka to slip through a few cheaper overs here...","Thos wickets allowing Sri Lanka to slip through a few cheaper overs here...","http://www.espncricinfo.com/ci/engine/match/750669.html?innings=1;page=1;view=commentary"
"279","38.1","BAW Mendis to Morgan, 1 run, long stride forward, this is pressed wide enough of extra-cover to allow a sharp single","http://www.espncricinfo.com/ci/engine/match/750669.html?innings=1;page=1;view=commentary"
"280","38.2","BAW Mendis to Buttler, no run, played from the crease off a straight line to midwicket","http://www.espncricinfo.com/ci/engine/match/750669.html?innings=1;page=1;view=commentary"
"281","38.3","BAW Mendis to Buttler, no run, more leg stump line, tickled to short long leg","http://www.espncricinfo.com/ci/engine/match/750669.html?innings=1;page=1;view=commentary"
"282","38.4","BAW Mendis to Buttler, SIX, floated up outside off and Buttler has room to swing the arms and swings handsomely way back over long-off, so well timed, didn't seem to hit it that hard","http://www.espncricinfo.com/ci/engine/match/750669.html?innings=1;page=1;view=commentary"
"283","38.5","BAW Mendis to Buttler, no run, straighter line and this is blocked up the wicket","http://www.espncricinfo.com/ci/engine/match/750669.html?innings=1;page=1;view=commentary"
"284","38.6","BAW Mendis to Buttler, no run, this grips a little and Buttler just defends in front of all three","http://www.espncricinfo.com/ci/engine/match/750669.html?innings=1;page=1;view=commentary"
"285","England 23 for 2 in the Powerplay, not the best...","England 23 for 2 in the Powerplay, not the best...","http://www.espncricinfo.com/ci/engine/match/750669.html?innings=1;page=1;view=commentary"
"286","39.1","Dilshan to Morgan, 1 run, length ball pressed out to deep cover","http://www.espncricinfo.com/ci/engine/match/750669.html?innings=1;page=1;view=commentary"
"287","39.2","Dilshan to Buttler, 1 run, nudged off a straight line out to deep square","http://www.espncricinfo.com/ci/engine/match/750669.html?innings=1;page=1;view=commentary"
"288","39.3","Dilshan to Morgan, 1 run, forward and pressed steadily down the ground for an easy run","http://www.espncricinfo.com/ci/engine/match/750669.html?innings=1;page=1;view=commentary"
"289","39.4","Dilshan to Buttler, 1 run, back and clipped out to deep midwicket","http://www.espncricinfo.com/ci/engine/match/750669.html?innings=1;page=1;view=commentary"
"290","39.5","Dilshan to Morgan, no run, forward pressing from off stump to extra-cover","http://www.espncricinfo.com/ci/engine/match/750669.html?innings=1;page=1;view=commentary"
"291","39.6","Dilshan to Morgan, 1 run, tossed up a bit more, ran out down to long-off","http://www.espncricinfo.com/ci/engine/match/750669.html?innings=1;page=1;view=commentary"
"292","10 to go, looks like England aren't going to get up to 300 yet again. Herath is back...","10 to go, looks like England aren't going to get up to 300 yet again. Herath is back...","http://www.espncricinfo.com/ci/engine/match/750669.html?innings=1;page=1;view=commentary"
"293","40.1","Herath to Morgan, no run, reverse swept very firmly and I think this has cannoned straight off the shins of short long leg, ouchie","http://www.espncricinfo.com/ci/engine/match/750669.html?innings=1;page=1;view=commentary"
"294","40.2","Herath to Morgan, no run, forward press back to the bowler","http://www.espncricinfo.com/ci/engine/match/750669.html?innings=1;page=1;view=commentary"
"295","40.3","Herath to Morgan, no run, touch fuller, clipped to mid-off this time","http://www.espncricinfo.com/ci/engine/match/750669.html?innings=1;page=1;view=commentary"
"296","40.4","Herath to Morgan, 1 run, touch straighter line and worked wide of short long leg for a quick single","http://www.espncricinfo.com/ci/engine/match/750669.html?innings=1;page=1;view=commentary"
"297","40.5","Herath to Buttler, no run, solid forward defence","http://www.espncricinfo.com/ci/engine/match/750669.html?innings=1;page=1;view=commentary"
"298","40.6","Herath to Buttler, no run, another forward press, into the leg side this time","http://www.espncricinfo.com/ci/engine/match/750669.html?innings=1;page=1;view=commentary"
"299","41.1","Dilshan to Morgan, 1 run, more air outside off, pressed firmly out to deep cover","http://www.espncricinfo.com/ci/engine/match/750669.html?innings=1;page=1;view=commentary"
"300","41.2","Dilshan to Buttler, no run, flatter ball, tucked firmly into short midwicket going back","http://www.espncricinfo.com/ci/engine/match/750669.html?innings=1;page=1;view=commentary"
"301","41.3","Dilshan to Buttler, no run, forward now getting a thick inside edge to square leg","http://www.espncricinfo.com/ci/engine/match/750669.html?innings=1;page=1;view=commentary"
"302","41.4","Dilshan to Buttler, 1 run, back foot press out to deep cover and the batsman collide mid-pitch which means any thoughts of a second are forgotten","http://www.espncricinfo.com/ci/engine/match/750669.html?innings=1;page=1;view=commentary"
"303","41.5","Dilshan to Morgan, no run, forward pressing down the ground, short extra charges across and slides to save the run","http://www.espncricinfo.com/ci/engine/match/750669.html?innings=1;page=1;view=commentary"
"304","41.6","Dilshan to Morgan, 1 run, nudged from the crease through the covers to bring the 200 up","http://www.espncricinfo.com/ci/engine/match/750669.html?innings=1;page=1;view=commentary"
"305","64 balls between 100-150 and now 63 balls for the next fifty, no acceleration from England and they overs are slipping away...","64 balls between 100-150 and now 63 balls for the next fifty, no acceleration from England and they overs are slipping away...","http://www.espncricinfo.com/ci/engine/match/750669.html?innings=1;page=1;view=commentary"
"306","42.1","Herath to Morgan, 1 run, down the wicket clipping this out to long-on","http://www.espncricinfo.com/ci/engine/match/750669.html?innings=1;page=1;view=commentary"
"307","42.2","Herath to Buttler, 1 run, down the track, meets this on the full and clips out to long-on","http://www.espncricinfo.com/ci/engine/match/750669.html?innings=1;page=1;view=commentary"
"308","42.3","Herath to Morgan, 1 run, full length, clipped from off stump to long-on","http://www.espncricinfo.com/ci/engine/match/750669.html?innings=1;page=1;view=commentary"
"309","42.4","Herath to Buttler, OUT, down the wicket, goes in the air down the ground and picks out long-on. No where near enough club on that, bit of an inside edge and it was a straightforward chance to Jaywardene running a few yards to his left. A big wicket for Sri Lanka who have kept things very quiet since the batting Powerplay","http://www.espncricinfo.com/ci/engine/match/750669.html?innings=1;page=1;view=commentary"
"310","JC Buttler c Jayawardene b Herath 15 (21m 22b 0x4 1x6) SR: 68.18","JC Buttler c Jayawardene b Herath 15 (21m 22b 0x4 1x6) SR: 68.18","http://www.espncricinfo.com/ci/engine/match/750669.html?innings=1;page=1;view=commentary"
"311","Now Ben Stokes couldn't get it off the square the other night, what can he do here...","Now Ben Stokes couldn't get it off the square the other night, what can he do here...","http://www.espncricinfo.com/ci/engine/match/750669.html?innings=1;page=1;view=commentary"
"312","42.5","Herath to Stokes, 1 run, this is off the square though, flicked out through square leg from a full length","http://www.espncricinfo.com/ci/engine/match/750669.html?innings=1;page=1;view=commentary"
"313","42.6","Herath to Morgan, 1 run, full length again and flicked down the ground for an easy single","http://www.espncricinfo.com/ci/engine/match/750669.html?innings=1;page=1;view=commentary"
"314","England now have got a job on to get up to 260-270 which they surely need to be competitive...","England now have got a job on to get up to 260-270 which they surely need to be competitive...","http://www.espncricinfo.com/ci/engine/match/750669.html?innings=1;page=1;view=commentary"
"315","43.1","Dilshan to Morgan, 2 runs, swept off the stumps, big top edge and it flies over short long leg running back, it was Herath trying to get there and he was never in the frame to take that","http://www.espncricinfo.com/ci/engine/match/750669.html?innings=1;page=1;view=commentary"
"316","43.2","Dilshan to Morgan, 1 run, back and punched down to long-on","http://www.espncricinfo.com/ci/engine/match/750669.html?innings=1;page=1;view=commentary"
"317","43.3","Dilshan to Stokes, 1 run, full length, pushed firmly off an inside edge to deep square, they rightly refuse the second","http://www.espncricinfo.com/ci/engine/match/750669.html?innings=1;page=1;view=commentary"
"318","43.4","Dilshan to Morgan, 1 run, swept from outside off to deep square, keeps it down this time","http://www.espncricinfo.com/ci/engine/match/750669.html?innings=1;page=1;view=commentary"
"319","43.5","Dilshan to Stokes, no run, swept and misses, it's drifting well down for the half-hearted lbw cry","http://www.espncricinfo.com/ci/engine/match/750669.html?innings=1;page=1;view=commentary"
"320","43.6","Dilshan to Stokes, no run, floated up, pressed from just outside off to cover","http://www.espncricinfo.com/ci/engine/match/750669.html?innings=1;page=1;view=commentary"
"321","Ajantha Mendis is back...","Ajantha Mendis is back...","http://www.espncricinfo.com/ci/engine/match/750669.html?innings=1;page=1;view=commentary"
"322","44.1","BAW Mendis to Morgan, no run, poor line down leg but Morgan misses out and only mistimes a sweep to short long leg","http://www.espncricinfo.com/ci/engine/match/750669.html?innings=1;page=1;view=commentary"
"323","44.2","BAW Mendis to Morgan, no run, leg side line again and this time Morgan misses with a sweep, no wide given not sure why, a little pad perhaps? Sangakkara whips off the bails and they check upstairs but Morgan's back foot never shifted","http://www.espncricinfo.com/ci/engine/match/750669.html?innings=1;page=1;view=commentary"
"324","44.3","BAW Mendis to Morgan, FOUR, low full toss slapped down the ground, beats mid-off and a most-welcome boundary for England","http://www.espncricinfo.com/ci/engine/match/750669.html?innings=1;page=1;view=commentary"
"325","44.4","BAW Mendis to Morgan, 1 run, down leg side again, Morgan sweeps and gets something on it, it runs very fine and they get a single, another one Morgan has rather missed out on","http://www.espncricinfo.com/ci/engine/match/750669.html?innings=1;page=1;view=commentary"
"326","44.5","BAW Mendis to Stokes, FOUR, back to a touch short delivery and pulled very hard wide of deep midwicket","http://www.espncricinfo.com/ci/engine/match/750669.html?innings=1;page=1;view=commentary"
"327","44.6","BAW Mendis to Stokes, OUT, swept up into the leg side but gets it too high and not long enough, the catch taken by deep square running to his right. A firm strike off a middle and leg line but the timing not quite there, it was a big top edge really, and another wicket falls","http://www.espncricinfo.com/ci/engine/match/750669.html?innings=1;page=1;view=commentary"
"328","BA Stokes c NLTC Perera b BAW Mendis 6 (18m 6b 1x4 0x6) SR: 100.00","BA Stokes c NLTC Perera b BAW Mendis 6 (18m 6b 1x4 0x6) SR: 100.00","http://www.espncricinfo.com/ci/engine/match/750669.html?innings=1;page=1;view=commentary"
"329","Spot of bother now for England, what a change in these last 10 overs...","Spot of bother now for England, what a change in these last 10 overs...","http://www.espncricinfo.com/ci/engine/match/750669.html?innings=1;page=1;view=commentary"
"330","45.1","Dilshan to Woakes, 1 run, forward press down the ground, in the air for a time but safely down the ground","http://www.espncricinfo.com/ci/engine/match/750669.html?innings=1;page=1;view=commentary"
"331","45.2","Dilshan to Morgan, no run, forward nudging from just outside off to backward point","http://www.espncricinfo.com/ci/engine/match/750669.html?innings=1;page=1;view=commentary"
"332","45.3","Dilshan to Morgan, SIX, Morgan not deterred by the wickets going down, slog sweep over midwicket, lovely strike","http://www.espncricinfo.com/ci/engine/match/750669.html?innings=1;page=1;view=commentary"
"333","45.4","Dilshan to Morgan, 1 run, Dilshan tosses this up again but Morgan resists and presses down to long-off","http://www.espncricinfo.com/ci/engine/match/750669.html?innings=1;page=1;view=commentary"
"334","45.5","Dilshan to Woakes, no run, down the track but only nudging this to short midwicket","http://www.espncricinfo.com/ci/engine/match/750669.html?innings=1;page=1;view=commentary"
"335","45.6","Dilshan to Woakes, 1 wide, this drifts down the leg side","http://www.espncricinfo.com/ci/engine/match/750669.html?innings=1;page=1;view=commentary"
"336","45.6","Dilshan to Woakes, 1 run, down the track, bit of a thick inside edge down to long-on","http://www.espncricinfo.com/ci/engine/match/750669.html?innings=1;page=1;view=commentary"
"337","Can Morgan hurry England up to 260 here?","Can Morgan hurry England up to 260 here?","http://www.espncricinfo.com/ci/engine/match/750669.html?innings=1;page=1;view=commentary"
"338","46.1","BAW Mendis to Woakes, no run, forward press on the off stump only back to the bowler","http://www.espncricinfo.com/ci/engine/match/750669.html?innings=1;page=1;view=commentary"
"339","46.2","BAW Mendis to Woakes, 2 runs, back to cut, gets it past point and wide of deep cover for a couple","http://www.espncricinfo.com/ci/engine/match/750669.html?innings=1;page=1;view=commentary"
"340","46.3","BAW Mendis to Woakes, 1 run, reached for outside off and slapped down to long-on","http://www.espncricinfo.com/ci/engine/match/750669.html?innings=1;page=1;view=commentary"
"341","46.4","BAW Mendis to Morgan, 1 run, length ball tucked from leg stump wide of square leg for a sharp single","http://www.espncricinfo.com/ci/engine/match/750669.html?innings=1;page=1;view=commentary"
"342","46.5","BAW Mendis to Woakes, 1 run, full length clipped down to long-on","http://www.espncricinfo.com/ci/engine/match/750669.html?innings=1;page=1;view=commentary"
"343","46.6","BAW Mendis to Morgan, 3 runs, driven from just outside off, thick outside edge runs fine and they can scramble three","http://www.espncricinfo.com/ci/engine/match/750669.html?innings=1;page=1;view=commentary"
"344","Dilshan not bowling out, it's now Herath...","Dilshan not bowling out, it's now Herath...","http://www.espncricinfo.com/ci/engine/match/750669.html?innings=1;page=1;view=commentary"
"345","47.1","Herath to Morgan, 1 run, whipped off the leg stump but straight to deep midwicket","http://www.espncricinfo.com/ci/engine/match/750669.html?innings=1;page=1;view=commentary"
"346","47.2","Herath to Woakes, no run, forward trying to squirt this past extra cover but can't, fielder does well","http://www.espncricinfo.com/ci/engine/match/750669.html?innings=1;page=1;view=commentary"
"347","47.3","Herath to Woakes, OUT, a very slow loopy delivery that Woakes tries to slap into the leg side and he's bowled, missing it by a mile really. Couldn't pick up the pace of the delivery, swung right across it and got cleaned up, Woakes has really struggled with spin this tour","http://www.espncricinfo.com/ci/engine/match/750669.html?innings=1;page=1;view=commentary"
"348","CR Woakes b Herath 6 (10m 9b 0x4 0x6) SR: 66.66","CR Woakes b Herath 6 (10m 9b 0x4 0x6) SR: 66.66","http://www.espncricinfo.com/ci/engine/match/750669.html?innings=1;page=1;view=commentary"
"349","Chris Jordan can whack um and needs to here...","Chris Jordan can whack um and needs to here...","http://www.espncricinfo.com/ci/engine/match/750669.html?innings=1;page=1;view=commentary"
"350","47.4","Herath to Jordan, 1 run, forward getting a little nudge on this into square leg","http://www.espncricinfo.com/ci/engine/match/750669.html?innings=1;page=1;view=commentary"
"351","47.5","Herath to Morgan, 2 runs, very delicate paddle sweep from a full length on the stumps, gets it fine of short long leg for two","http://www.espncricinfo.com/ci/engine/match/750669.html?innings=1;page=1;view=commentary"
"352","47.6","Herath to Morgan, FOUR, similar line and this time conventionally swept and gets it backward of square for four","http://www.espncricinfo.com/ci/engine/match/750669.html?innings=1;page=1;view=commentary"
"353","12 more deliveries, is 270 possible?","12 more deliveries, is 270 possible?","http://www.espncricinfo.com/ci/engine/match/750669.html?innings=1;page=1;view=commentary"
"354","48.1","BAW Mendis to Jordan, OUT, waited for and cut hard straight to backward point! Rocking back to try and force this away through the off side, Jordan is early on the stroke and chipped it straight to the fielder who gleefully claimed an easy catch","http://www.espncricinfo.com/ci/engine/match/750669.html?innings=1;page=1;view=commentary"
"355","CJ Jordan c NLTC Perera b BAW Mendis 1 (2m 2b 0x4 0x6) SR: 50.00","CJ Jordan c NLTC Perera b BAW Mendis 1 (2m 2b 0x4 0x6) SR: 50.00","http://www.espncricinfo.com/ci/engine/match/750669.html?innings=1;page=1;view=commentary"
"356","6 for 75 England have lost here...","6 for 75 England have lost here...","http://www.espncricinfo.com/ci/engine/match/750669.html?innings=1;page=1;view=commentary"
"357","48.2","BAW Mendis to Finn, no run, length on off stump, blocked up the wicket","http://www.espncricinfo.com/ci/engine/match/750669.html?innings=1;page=1;view=commentary"
"358","Finn needs a single somehow here...","Finn needs a single somehow here...","http://www.espncricinfo.com/ci/engine/match/750669.html?innings=1;page=1;view=commentary"
"359","48.3","BAW Mendis to Finn, no run, flicked back up the wicket, the bowler goes to his right and fields well","http://www.espncricinfo.com/ci/engine/match/750669.html?innings=1;page=1;view=commentary"
"360","48.4","BAW Mendis to Finn, 1 run, Finn now gets the single, going back to force firmly down to long-on","http://www.espncricinfo.com/ci/engine/match/750669.html?innings=1;page=1;view=commentary"
"361","48.5","BAW Mendis to Morgan, 1 run, back dabbing through point, Morgan trying to ensure he's on strike for the final over","http://www.espncricinfo.com/ci/engine/match/750669.html?innings=1;page=1;view=commentary"
"362","48.6","BAW Mendis to Finn, no run, straight delivery, firm forward defence","http://www.espncricinfo.com/ci/engine/match/750669.html?innings=1;page=1;view=commentary"
"363","Dilshan to finish the innings off. I think England will take just using the six deliveries here...","Dilshan to finish the innings off. I think England will take just using the six deliveries here...","http://www.espncricinfo.com/ci/engine/match/750669.html?innings=1;page=1;view=commentary"
"364","49.1","Dilshan to Morgan, SIX, slog swept over deep midwicket, a good thump taken from just outside off and Morgan finally has a fifty","http://www.espncricinfo.com/ci/engine/match/750669.html?innings=1;page=1;view=commentary"
"365","49.2","Dilshan to Morgan, SIX, down the track and whacks this even further, over long-on this time","http://www.espncricinfo.com/ci/engine/match/750669.html?innings=1;page=1;view=commentary"
"366","Was Dilshan the best choice here?","Was Dilshan the best choice here?","http://www.espncricinfo.com/ci/engine/match/750669.html?innings=1;page=1;view=commentary"
"367","49.3","Dilshan to Morgan, no run, dragged from outside off only to mid-on, nearly took out Finn who did very well to avoid that","http://www.espncricinfo.com/ci/engine/match/750669.html?innings=1;page=1;view=commentary"
"368","49.4","Dilshan to Morgan, FOUR, wide outside off and this is hoiked over extra-cover, another good strike and a one-bounce four","http://www.espncricinfo.com/ci/engine/match/750669.html?innings=1;page=1;view=commentary"
"369","49.5","Dilshan to Morgan, 2 runs, quicker ball, swung leg side, gets a thick inside edge but behind deep square and they get back for the second","http://www.espncricinfo.com/ci/engine/match/750669.html?innings=1;page=1;view=commentary"
"370","49.6","Dilshan to Morgan, OUT, slog swept again but Morgan hasn't got this at all, it's gone straight up and Sangakkara runs out to take the catch. Good work from the keeper to run up the wicket to take that because it went a long way up","http://www.espncricinfo.com/ci/engine/match/750669.html?innings=1;page=1;view=commentary"
"371","EJG Morgan c †Sangakkara b Dilshan 62 (59m 47b 4x4 3x6) SR: 131.91","EJG Morgan c †Sangakkara b Dilshan 62 (59m 47b 4x4 3x6) SR: 131.91","http://www.espncricinfo.com/ci/engine/match/750669.html?innings=1;page=1;view=commentary"
"372","Tea A flourish to finish from Eoin Morgan but England's innings fizzled out badly from the batting Powerplay when they were very well set. There was an excellent partnership between Joe Root and James Taylor - who played a superb knock on his comeback - but then wickets started to tumble and not until that last over did England get any acceleration. Sri Lanka managed to strangle England with spin and did a very good job. It would appear to be a below-par total, we'll find out in the chase which begins at 2.15pm local time. Gnasher back with you shortly...","Tea A flourish to finish from Eoin Morgan but England's innings fizzled out badly from the batting Powerplay when they were very well set. There was an excellent partnership between Joe Root and James Taylor - who played a superb knock on his comeback - but then wickets started to tumble and not until that last over did England get any acceleration. Sri Lanka managed to strangle England with spin and did a very good job. It would appear to be a below-par total, we'll find out in the chase which begins at 2.15pm local time. Gnasher back with you shortly...","http://www.espncricinfo.com/ci/engine/match/750669.html?innings=1;page=1;view=commentary"